cluster_id,agent_id,mean,std,var,q1,q3,count,cluster_size
0,0,0.02918847645714008,0.08378482651832982,0.007019897154706623,0.0014558769762516022,0.025365090928971767,2412,2412
0,1,0.025947093838133893,0.07037732863224469,0.004952968385410969,0.0016411636024713516,0.02458985848352313,2412,2412
0,2,0.02559366922595447,0.07058716260855928,0.00498254752512719,0.0015114154666662216,0.02559019159525633,2412,2412
1,0,0.025619290932275898,0.0713394530260956,0.005089317558062499,0.0005434900522232056,0.025747673120349646,1678,1678
1,1,0.02741173157663805,0.08170835542368582,0.0066762553460433674,0.0008927062153816223,0.026089129969477654,1678,1678
1,2,0.024524092602102848,0.0643088589470684,0.00413562933907394,0.0007187426090240479,0.026072824839502573,1678,1678
2,0,0.02719741112100126,0.07801012640703406,0.006085579822041433,0.0013021491467952728,0.025561568327248096,2116,2116
2,1,0.02613017724744187,0.07914850431072158,0.006264485734624314,0.001255858689546585,0.022748655639588833,2116,2116
2,2,0.025922754110895195,0.07579832907586428,0.005745386690693012,0.0013382993638515472,0.02475843857973814,2116,2116
3,0,0.031021115622734685,0.08555604350777868,0.007319836580704918,0.0016994625329971313,0.024764249101281166,2433,2433
3,1,0.02275081784772563,0.06901498272186181,0.004763067840098884,0.0013376027345657349,0.02334018237888813,2433,2433
3,2,0.02614560655685294,0.06936901106775159,0.004812059696517842,0.0014904886484146118,0.025641197338700294,2433,2433
4,0,0.03198095909583949,0.08482748509982936,0.007195702228361773,0.0022688619792461395,0.025378449819982052,2239,2239
4,1,0.028966714395314137,0.08099857343502033,0.00656076889850838,0.0017517954111099243,0.025517666712403297,2239,2239
4,2,0.027082232066046225,0.07727253564122269,0.00597104476442403,0.0014707297086715698,0.025474567897617817,2239,2239
5,0,0.029170461359596656,0.08208217426645699,0.0067374833323090135,0.0014580562710762024,0.026514660101383924,3306,3306
5,1,0.029324908160643412,0.0819266826148189,0.00671198132426927,0.0015886276960372925,0.025721578393131495,3306,3306
5,2,0.02708930533682996,0.07414149534211845,0.005496961331565372,0.001584446057677269,0.026035482063889503,3306,3306
6,0,0.026282684536787067,0.07441135422698072,0.005537049637893203,0.001260511577129364,0.024615743197500706,2214,2214
6,1,0.02909878422207491,0.08638310831634093,0.007462041402392688,0.0013515651226043701,0.025153106544166803,2214,2214
6,2,0.02698902926422898,0.07403915642931617,0.005481796684764751,0.001989642158150673,0.02446607081219554,2214,2214
7,0,0.02768762149068616,0.07326078663712643,0.005367142858690562,0.0015964657068252563,0.025814211927354336,3127,3127
7,1,0.02968513003406319,0.08035547794426234,0.006457002835650831,0.0016635283827781677,0.025507512502372265,3127,3127
7,2,0.027553519693319126,0.08305375701243992,0.006897926553881413,0.0012404322624206543,0.02421484887599945,3127,3127
8,0,0.028650372213396075,0.07496317608995137,0.005619477769493057,0.0014453381299972534,0.025466399267315865,2429,2429
8,1,0.02835074703839058,0.07951633085728353,0.006322846873004982,0.0015668869018554688,0.024565337225794792,2429,2429
8,2,0.024304686426869473,0.06826550314685591,0.004660178919893393,0.0014740228652954102,0.024559838697314262,2429,2429
9,0,0.02923702751322793,0.08474466142797672,0.007181657640542407,0.0017575696110725403,0.024916724301874638,2554,2554
9,1,0.027416181501173236,0.07824982913423485,0.0061230357595369505,0.0013090483844280243,0.02480244729667902,2554,2554
9,2,0.028026522529955456,0.07293456484831086,0.005319450749612461,0.0019218437373638153,0.02495021466165781,2554,2554
10,0,0.028355267083613765,0.0751298136910683,0.005644488905254634,0.0016666874289512634,0.02607731707394123,2755,2755
10,1,0.03032711989444067,0.07994979167410045,0.006391969188732061,0.001704871654510498,0.02601349912583828,2755,2755
10,2,0.030245700447453346,0.08476316558598565,0.007184794240157222,0.0013315752148628235,0.02453783620148897,2755,2755
11,0,0.02992840371173776,0.079678739063443,0.006348701458740238,0.0015429854393005371,0.026019280776381493,2295,2295
11,1,0.028698933586957083,0.08211620716117447,0.006743071478536922,0.0015524886548519135,0.025821602903306484,2295,2295
11,2,0.027896488636269482,0.07703235314562117,0.00593398343115169,0.0013310611248016357,0.023845873773097992,2295,2295
12,0,0.025178464155520806,0.07750823132617485,0.006007525923311831,0.0012251213192939758,0.024445324670523405,2476,2476
12,1,0.02588544996652409,0.07591779472421012,0.005763511555787305,0.0012769699096679688,0.02406570455059409,2476,2476
12,2,0.027023738368244326,0.07476684329093727,0.005590080855691571,0.0015102513134479523,0.02496025338768959,2476,2476
13,0,0.02718399467153282,0.08152119726594682,0.006645705603673416,0.001265455037355423,0.024897910188883543,2588,2588
13,1,0.02730585953177182,0.08029109566908738,0.006446660043742541,0.0014339201152324677,0.024431008379906416,2588,2588
13,2,0.028661095623792057,0.08049413407404003,0.006479305620329532,0.0014447718858718872,0.02442556945607066,2588,2588
14,0,0.030302234988511614,0.07992322039630949,0.006387721158517061,0.0017584040760993958,0.026146030984818935,2668,2668
14,1,0.02877123696754674,0.07684366854781366,0.005904949395886246,0.0015085116028785706,0.025724543258547783,2668,2668
14,2,0.025749000835349724,0.07304128160869715,0.005335028819040999,0.0012780167162418365,0.024280112702399492,2668,2668
15,0,0.03186730577871986,0.0900925672411532,0.008116670672101712,0.0012645870447158813,0.02442442812025547,1905,1905
15,1,0.02420658983163086,0.0717243900751647,0.005144388131654385,0.0012247487902641296,0.024479767307639122,1905,1905
15,2,0.029384749958638757,0.0783731186372178,0.006142345724923415,0.0017331987619400024,0.026037296280264854,1905,1905
16,0,0.02801619051724853,0.07362685050445807,0.005420913115205817,0.001706138253211975,0.024083247408270836,2393,2393
16,1,0.02305136804344001,0.0646361965459953,0.004177837903932534,0.001492142677307129,0.025348130613565445,2393,2393
16,2,0.025568013268608927,0.07819863952966878,0.0061150272242910765,0.0012056231498718262,0.02393282763659954,2393,2393
17,0,0.023925246744244014,0.06803250700339616,0.004628422009167148,0.0014585182070732117,0.025429380126297474,2379,2379
17,1,0.02739834232226847,0.07993585657224697,0.006389741165938839,0.0013231933116912842,0.023670781403779984,2379,2379
17,2,0.02761685449399834,0.07541282489177435,0.005687094158157421,0.0013718456029891968,0.0261947400867939,2379,2379
18,0,0.023188516375967083,0.07109057772440722,0.005053870241189983,0.0011520758271217346,0.02269713068380952,2048,2048
18,1,0.022961480457524885,0.06568496369093976,0.0043145144550800745,0.0010059922933578491,0.0240460941568017,2048,2048
18,2,0.028058131799753028,0.07701586983188,0.0059314442059610825,0.0017424188554286957,0.02527609607204795,2048,2048
19,0,0.029969146610516258,0.08531835841332476,0.007279222282344545,0.0015007555484771729,0.02471692254766822,2574,2574
19,1,0.028798449027591558,0.08409619089290243,0.007072169322695487,0.00135716050863266,0.02486155042424798,2574,2574
19,2,0.02632601911266477,0.0761886915004196,0.00580471671254611,0.0012764893472194672,0.024349445942789316,2574,2574
20,0,0.029399968868963736,0.08217458585407195,0.006752662560288242,0.001464754343032837,0.025883600115776062,2373,2373
20,1,0.03670458848444134,0.09624993765901428,0.009264050499364134,0.001937471330165863,0.024293381720781326,2373,2373
20,2,0.027860482008260384,0.08188064418553052,0.0067044398922374545,0.0015863776206970215,0.025530090555548668,2373,2373
21,0,0.02902478935386673,0.07811220180193194,0.006101516070345741,0.0011735260486602783,0.02387754712253809,2347,2347
21,1,0.02281251539522643,0.061340973021766956,0.0037627149712571415,0.0013741031289100647,0.025339124724268913,2347,2347
21,2,0.027076842039339417,0.07651945375420557,0.0058552268028420045,0.0014185309410095215,0.02568626031279564,2347,2347
22,0,0.02825648913449009,0.07981009336146001,0.006369651002364965,0.001538693904876709,0.02480434440076351,2829,2829
22,1,0.028309482690006146,0.07956841911978703,0.00633113332122209,0.0014332383871078491,0.02600117214024067,2829,2829
22,2,0.026954373107751,0.07767229578636183,0.00603298553272408,0.0013330131769180298,0.024877559393644333,2829,2829
23,0,0.027361484044294688,0.07702047092790887,0.005932152941956856,0.0018859654664993286,0.024506088346242905,1989,1989
23,1,0.027109046007542603,0.07221945944701015,0.005215650322818343,0.00165557861328125,0.026337463408708572,1989,1989
23,2,0.024935992885298575,0.0684179764537435,0.004681019502025,0.001391872763633728,0.024988899007439613,1989,1989
24,0,0.027407935666109284,0.08296505449147891,0.006883200266774064,0.0013443231582641602,0.024311610963195562,2396,2396
24,1,0.02507285713816749,0.07127995651921139,0.005080832201380667,0.0011550188064575195,0.02485038572922349,2396,2396
24,2,0.028997584163111777,0.08149753929539492,0.006641848911204439,0.0013134628534317017,0.02530343784019351,2396,2396
25,0,0.026773502455993563,0.07643640313456988,0.005842523724150484,0.001511409878730774,0.025615669786930084,3213,3213
25,1,0.02657604879179927,0.07260334634398634,0.005271245900344834,0.0017495453357696533,0.026246706023812294,3213,3213
25,2,0.028429086708515613,0.0719839342500579,0.00518168679011666,0.0016452297568321228,0.027167532593011856,3213,3213
26,0,0.030529667507676828,0.08104915396438896,0.006568965358343226,0.0021996181458234787,0.0253710332326591,2170,2170
26,1,0.024878270510146353,0.07081029257060217,0.0050140975339342765,0.0014557316899299622,0.024977412540465593,2170,2170
26,2,0.030311887453134227,0.08140666216959429,0.006627044645594454,0.0016240105032920837,0.025637388229370117,2170,2170
27,0,0.023800312097885617,0.07440360581317762,0.005535896558002718,0.0009660422801971436,0.023154605645686388,2526,2526
27,1,0.025509851223140992,0.07499449238050374,0.005624173887409434,0.0013679936528205872,0.0244285948574543,2526,2526
27,2,0.02848486843377334,0.07869494807521035,0.006192894852560053,0.001594044268131256,0.025660702027380466,2526,2526
28,0,0.03098130718517191,0.08487529119363729,0.007203815055204724,0.0017301402986049652,0.0249030664563179,2567,2567
28,1,0.03189623877997494,0.08476727151650225,0.007185490320352413,0.002193443477153778,0.026552483439445496,2567,2567
28,2,0.028208721276186916,0.08085944577310716,0.006538249970734058,0.0013795942068099976,0.024687059223651886,2567,2567
29,0,0.030647719635838944,0.08173814374565656,0.006681124142985616,0.001966424286365509,0.026178520172834396,3115,3115
29,1,0.031595851880398075,0.08768531349601229,0.007688714202893955,0.001452907919883728,0.025502477772533894,3115,3115
29,2,0.024052169637673836,0.06708356440213711,0.0045002046128956785,0.0013864561915397644,0.024017867632210255,3115,3115
30,0,0.02623793000643314,0.07763431110423966,0.006027086260629869,0.0005896762013435364,0.025935315527021885,1546,1546
30,1,0.027878642019262732,0.07709412930450373,0.005943504773219539,0.0009281300008296967,0.026339794509112835,1546,1546
30,2,0.027428359039342282,0.0812746995405986,0.006605576785414577,0.0008001774549484253,0.025612028781324625,1546,1546
31,0,0.027010729951200695,0.07595049129722244,0.005768477128289461,0.001334119588136673,0.025427141692489386,2810,2810
31,1,0.02983224203758724,0.07599974899301035,0.005775961847000577,0.0020541157573461533,0.025227437261492014,2810,2810
31,2,0.02960859701365524,0.08839355071247694,0.007813419807559233,0.001364387571811676,0.024841129779815674,2810,2810
32,0,0.026461701875363456,0.07452842264018325,0.005554485781233779,0.001271948218345642,0.02472872007638216,2315,2315
32,1,0.02519391215231358,0.061281015342226186,0.003755362841374161,0.001598954200744629,0.026490421034395695,2315,2315
32,2,0.026301136861513037,0.07547226569048122,0.00569606288845459,0.0012400224804878235,0.023316891863942146,2315,2315
33,0,0.026670758409123634,0.07361756088536603,0.005419545270710575,0.0014872774481773376,0.02569081261754036,2936,2936
33,1,0.028153554971928757,0.08185415656888312,0.0067001029476032314,0.0015413202345371246,0.024255515541881323,2936,2936
33,2,0.02592749342960572,0.07259302442005702,0.005269747194450994,0.0011145472526550293,0.025290748104453087,2936,2936
34,0,0.02788935041381878,0.0766691718465475,0.00587816191163543,0.001505635678768158,0.02526363544166088,2183,2183
34,1,0.027702085719564593,0.08399862843785214,0.007055769579440341,0.0013924017548561096,0.025792338885366917,2183,2183
34,2,0.028366017450040536,0.07709880469427112,0.0059442256852853615,0.0016609759768471122,0.02452852576971054,2183,2183
35,0,0.03024620328143966,0.08464033674461527,0.007163986604241869,0.0014254897832870483,0.02499578008428216,2460,2460
35,1,0.02973468800896885,0.08490049992778141,0.007208094887987212,0.001573268324136734,0.02553592436015606,2460,2460
35,2,0.02580545770659346,0.06957433980600296,0.004840588759441169,0.001595139503479004,0.02555550215765834,2460,2460
36,0,0.02498818959372069,0.07190190083686035,0.0051698833439537,0.0012892112135887146,0.024235215038061142,2958,2958
36,1,0.027322612282051184,0.07893231819147979,0.006230310855081011,0.001303909346461296,0.02460737619549036,2958,2958
36,2,0.032656066523385666,0.08346562741812145,0.0069665109603006675,0.002002306282520294,0.02655086014419794,2958,2958
37,0,0.02734769453148996,0.07281947145281445,0.0053026754226672594,0.001514531672000885,0.02494345884770155,2415,2415
37,1,0.026465334695056235,0.07246069329218857,0.005250552072384621,0.0014913976192474365,0.02511876355856657,2415,2415
37,2,0.02875242873907714,0.08003398069042073,0.006405438065154638,0.0016733147203922272,0.024519026279449463,2415,2415
38,0,0.02377066185456459,0.06938393968971408,0.004814131086865882,0.0011845491826534271,0.02365958271548152,2700,2700
38,1,0.0277615332758675,0.07904738975128084,0.006248489826490899,0.0013628900051116943,0.023582469206303358,2700,2700
38,2,0.032064129258506,0.08717931751343518,0.007600233402108345,0.0019024387001991272,0.026685289572924376,2700,2700
39,0,0.02869433184469892,0.07947227148362629,0.006315841934767199,0.0014631971716880798,0.02568778768181801,2547,2547
39,1,0.02395628941544117,0.06829862896680729,0.004664702718745607,0.001304425299167633,0.024900706484913826,2547,2547
39,2,0.03007008275529059,0.08600771506367152,0.007397327050473709,0.001368790864944458,0.024026322178542614,2547,2547
40,0,0.027498571209066798,0.08161666460531791,0.006661279941296953,0.0014200359582901,0.024071134626865387,2629,2629
40,1,0.025024129978295014,0.0684146826377775,0.004680568800427814,0.0012598037719726562,0.024526365101337433,2629,2629
40,2,0.02981944919640702,0.08413466219055686,0.007078641381919119,0.0014543086290359497,0.02613888494670391,2629,2629
41,0,0.02967603783837426,0.0809493107014707,0.0065527909030432385,0.0013902448117733002,0.02478639781475067,2574,2574
41,1,0.028394418543533195,0.07461183356740379,0.005566925708289963,0.0014625880867242813,0.0253486311994493,2574,2574
41,2,0.029837739827558572,0.08077227502092964,0.0065241604120566945,0.0014434345066547394,0.025717410258948803,2574,2574
42,0,0.023900099107744963,0.07024591427625754,0.004934488472507323,0.0012966692447662354,0.024527261033654213,2415,2415
42,1,0.0266556445260457,0.0722869390443318,0.005225401556398941,0.0015602707862854004,0.02464744821190834,2415,2415
42,2,0.03099533583270868,0.09036359831025517,0.008165579899577152,0.001292012631893158,0.024508406408131123,2415,2415
43,0,0.031923680759666555,0.08489267445689214,0.007206766176443867,0.0017800666391849518,0.02494104579091072,2162,2162
43,1,0.026438352946540088,0.07737274861905467,0.005986542228867428,0.0014779642224311829,0.024421824142336845,2162,2162
43,2,0.02531492355181409,0.06877118329449136,0.004729475651724528,0.001483384519815445,0.025422650389373302,2162,2162
44,0,0.02652278444660397,0.06999192635085416,0.004898869754303393,0.0011667907238006592,0.026582639664411545,1813,1813
44,1,0.031326101087054296,0.08778902224981287,0.007706912427578139,0.0012009143829345703,0.027435636147856712,1813,1813
44,2,0.031822527117433386,0.07844787080461871,0.006154068433778148,0.0016701221466064453,0.02817721664905548,1813,1813
45,0,0.028765242459611897,0.08036627619082655,0.006458738348780214,0.002016901969909668,0.02484484575688839,2529,2529
45,1,0.030304693293596807,0.08768025717188353,0.007687827497727633,0.0016570314764976501,0.025301307439804077,2529,2529
45,2,0.028470819344382364,0.07604102970575476,0.005782238198711476,0.0017499476671218872,0.026224737986922264,2529,2529
46,0,0.030396144290213888,0.08305303551166206,0.006897806707701399,0.0014558732509613037,0.02577117457985878,2951,2951
46,1,0.02687643966989441,0.07597754552481016,0.005772587423974601,0.0018428042531013489,0.025632839649915695,2951,2951
46,2,0.02756404817250776,0.07437761617116825,0.00553202978730563,0.0014954805374145508,0.02518306765705347,2951,2951
47,0,0.027865915285303904,0.07376467365775001,0.005441227079834358,0.0012622103095054626,0.025453642010688782,2759,2759
47,1,0.02657322478391184,0.07227839672618804,0.00522416663330823,0.001177862286567688,0.025434037670493126,2759,2759
47,2,0.02440590043520152,0.07182711504259923,0.0051591344553427836,0.0012064799666404724,0.023738868534564972,2759,2759
48,0,0.02954787726160235,0.07821963043192148,0.006118310584906378,0.002102453261613846,0.026428640820086002,2706,2706
48,1,0.03082965915290954,0.08416697613584599,0.00708407987185207,0.002036402001976967,0.02437833184376359,2706,2706
48,2,0.02818397575413226,0.0749236809152261,0.005613557961886615,0.001718614250421524,0.025818060617893934,2706,2706
49,0,0.024290478040734045,0.06928005172501807,0.0047997255670211795,0.0013754591345787048,0.024129475466907024,2675,2675
49,1,0.025816610609746982,0.0779974350123796,0.0060835998685103785,0.0011762827634811401,0.023861777037382126,2675,2675
49,2,0.02847507026255409,0.07330950127638,0.00537428297739156,0.0016498714685440063,0.024690475314855576,2675,2675
50,0,0.024579143401176055,0.06891244997005021,0.004748925760874673,0.0013304799795150757,0.025774143636226654,3833,3833
50,1,0.024415909066531946,0.0696918369256763,0.004856952134075059,0.0013213753700256348,0.025450274348258972,3833,3833
50,2,0.029500086833088725,0.08272100920571773,0.006842765364012439,0.0016086176037788391,0.025668982416391373,3833,3833
51,0,0.025400630898298575,0.07704216786692299,0.005935495629635141,0.0013020038604736328,0.02421463653445244,2517,2517
51,1,0.023167937247502185,0.06537173867087659,0.004273464216853381,0.001138925552368164,0.02385741099715233,2517,2517
51,2,0.028439174068686145,0.07887792649575451,0.006221727288269652,0.0014520585536956787,0.02536558173596859,2517,2517
52,0,0.03056140727826385,0.08626718511975255,0.007442027228485656,0.0018250234425067902,0.025834762025624514,2326,2326
52,1,0.03106283436882488,0.08510937914141059,0.007243606417836377,0.0013654232025146484,0.02446841262280941,2326,2326
52,2,0.026797468579928402,0.07842481201913155,0.006150451140236121,0.0013784561306238174,0.02531012613326311,2326,2326
53,0,0.02821563089262111,0.07687513129982156,0.005909785812364805,0.0017141439020633698,0.02550250245258212,2594,2594
53,1,0.029701407263687335,0.08370730506588585,0.007006912921393279,0.0015430320054292679,0.024089418351650238,2594,2594
53,2,0.023108857167732477,0.06639643496148913,0.004408486575595256,0.0012176409363746643,0.024831042625010014,2594,2594
54,0,0.02710197171683523,0.07440144763745934,0.005535575410549606,0.0015320340171456337,0.024351479951292276,2034,2034
54,1,0.03083596309494033,0.08341002944746452,0.006957233012426899,0.0014035813510417938,0.026091902516782284,2034,2034
54,2,0.03133699175857755,0.08708349843168284,0.007583535699100908,0.0018350742757320404,0.026270207948982716,2034,2034
55,0,0.025301303814120983,0.07174719623919212,0.005147660168185145,0.001359831541776657,0.024181843269616365,2438,2438
55,1,0.02503356931905298,0.07140032441736702,0.005098006326905258,0.001274753361940384,0.02449122443795204,2438,2438
55,2,0.026825929660895583,0.07744655389226988,0.005997968709788263,0.0012716427445411682,0.02461906336247921,2438,2438
56,0,0.02337397905316011,0.06698045312107909,0.004486381100305073,0.001332523301243782,0.025162699166685343,2782,2782
56,1,0.029181837387390348,0.08184159250986452,0.006698046264550712,0.0014080777764320374,0.024749592877924442,2782,2782
56,2,0.028839097366822948,0.07613670483292174,0.005796797822815449,0.0014742128551006317,0.025465708691626787,2782,2782
57,0,0.028489006509585697,0.08139888595843289,0.006625778635273963,0.0014066770672798157,0.025343642570078373,2856,2856
57,1,0.026597133327956397,0.07268578486446907,0.00528322332136388,0.001405041664838791,0.025077865924686193,2856,2856
57,2,0.028716057604694013,0.08349413873433355,0.006971271202988137,0.0016507916152477264,0.024889087304472923,2856,2856
58,0,0.02799029464185202,0.0759699195638303,0.005771428678534845,0.001727622002363205,0.02619273168966174,2474,2474
58,1,0.02885631695837716,0.078932328780999,0.006230312526791722,0.0017636558040976524,0.02521856827661395,2474,2474
58,2,0.024299715324692734,0.07183567531351559,0.0051603642477488325,0.0011982321739196777,0.024606161285191774,2474,2474
59,0,0.02912530492696163,0.07923601769168018,0.006278346499636254,0.0016274377703666687,0.02453344129025936,2077,2077
59,1,0.02847373778638096,0.08279041392489646,0.00685425263785569,0.0016681700944900513,0.024654656648635864,2077,2077
59,2,0.030346799561808573,0.08017484185017004,0.006428005265699777,0.0017584264278411865,0.026220103725790977,2077,2077
60,0,0.02787796170429216,0.07677268446947788,0.005894045080650011,0.0014501437544822693,0.025424376130104065,2379,2379
60,1,0.029302986060982056,0.07940881238730067,0.006305759484761518,0.001446157693862915,0.02609963621944189,2379,2379
60,2,0.027795570396151537,0.07786497480526311,0.006062954301424259,0.0015953704714775085,0.025682177394628525,2379,2379
61,0,0.0293604011340814,0.0844687492313819,0.007134969596714081,0.0013021975755691528,0.02545376494526863,2418,2418
61,1,0.027110558798836313,0.0764876738639921,0.005850364253124422,0.0013150647282600403,0.024047060403972864,2418,2418
61,2,0.024234533868421938,0.06316036206697433,0.00398923133643129,0.0013835430145263672,0.02535561379045248,2418,2418
62,0,0.027642358678180178,0.0741827545791682,0.0055030810769531,0.0015034079551696777,0.026444858871400356,3246,3246
62,1,0.02702386793020587,0.07815011946167398,0.006107441171873914,0.0013819597661495209,0.025669429451227188,3246,3246
62,2,0.023905738658407727,0.06480200303616614,0.004199299597499285,0.0017127543687820435,0.02530217543244362,3246,3246
63,0,0.02868881357810015,0.07750699048167102,0.006007333573525842,0.0014273356646299362,0.025500542484223843,3140,3140
63,1,0.025362113851365768,0.07157491266482433,0.00512296812297723,0.0013533160090446472,0.025733251124620438,3140,3140
63,2,0.02732334079808158,0.07046849394893219,0.004965808639430693,0.001904590055346489,0.026942480821162462,3140,3140
64,0,0.0301865456814473,0.08386420470110484,0.007033204830148814,0.001484692096710205,0.026890050619840622,1871,1871
64,1,0.03042844468468869,0.08188046641817628,0.0067044107808580935,0.0012672320008277893,0.02735356893390417,1871,1871
64,2,0.028138124984044447,0.07686969374214749,0.0059089498160115475,0.0012535303831100464,0.026841478422284126,1871,1871
65,0,0.02789501904091225,0.08112116330033893,0.006580643135200256,0.0014077872037887573,0.02509310469031334,2729,2729
65,1,0.028273652173378586,0.07861394492193241,0.0061801523361886225,0.0017836838960647583,0.024958550930023193,2729,2729
65,2,0.029928069931314014,0.08442927455479877,0.007128302401849592,0.0015106946229934692,0.025630589574575424,2729,2729
66,0,0.026206970366028644,0.07773521889935085,0.006042764257329994,0.00119057297706604,0.025435926392674446,1577,1577
66,1,0.028108678040016127,0.07893251015274169,0.00623034115901267,0.0006902217864990234,0.0264129675924778,1577,1577
66,2,0.024947707991593515,0.06891688881025809,0.004749537563285476,0.0008390545845031738,0.026300832629203796,1577,1577
67,0,0.02715332856906437,0.07624368643505339,0.005813099721206745,0.0015446841716766357,0.024965925142169,2521,2521
67,1,0.027274282391115474,0.07371071227375763,0.005433269103904683,0.001466989517211914,0.025210388004779816,2521,2521
67,2,0.027464197670074107,0.08127298843577922,0.006605298649282302,0.0012658536434173584,0.024362310767173767,2521,2521
68,0,0.026837434686803004,0.07213176063434977,0.005202990892211132,0.0013182759284973145,0.025715773925185204,3787,3787
68,1,0.026843564573046808,0.07644955226135168,0.005844534040961143,0.0013842061161994934,0.026368895545601845,3787,3787
68,2,0.0263815492772526,0.06869760804720762,0.004719361351407765,0.0014690384268760681,0.02705504558980465,3787,3787
69,0,0.028536966197890305,0.08338236934839652,0.006952619518152414,0.0013896077871322632,0.02345579955726862,2447,2447
69,1,0.02888841466014519,0.08145387498471494,0.006634733750025571,0.0016778334975242615,0.0259358836337924,2447,2447
69,2,0.02709817871794677,0.07724536668221486,0.005966846673869829,0.0014973282814025879,0.025864895433187485,2447,2447
70,0,0.027136989184395995,0.07965554369599562,0.006345005641504667,0.000722154974937439,0.026266169268637896,1868,1868
70,1,0.026369896814091492,0.07684747001835045,0.005905533648221272,0.0008994936943054199,0.02612515864893794,1868,1868
70,2,0.026985575839113325,0.07702216020607575,0.005932413162810399,0.0007067620754241943,0.02582064224407077,1868,1868
71,0,0.02440620340124206,0.07270153960538739,0.005285513860993712,0.0012205690145492554,0.024877173826098442,2405,2405
71,1,0.02883481674221598,0.08224822467376185,0.006764770461985607,0.0016412585973739624,0.024789001792669296,2405,2405
71,2,0.027468444623068564,0.07646668627893635,0.005847154110481274,0.001177459955215454,0.024608712643384933,2405,2405
72,0,0.030550844283520454,0.08130210564515758,0.006610032382336365,0.002238970249891281,0.02778505254536867,1987,1987
72,1,0.030899711903775225,0.0822628504630796,0.006767176566310995,0.0012849345803260803,0.02719968557357788,1987,1987
72,2,0.030525433904972726,0.08881686257334497,0.007888435077372446,0.00124359130859375,0.026823880150914192,1987,1987
73,0,0.028832116282324606,0.0774673422951685,0.006001189122276801,0.0016217175871133804,0.025169324595481157,2552,2552
73,1,0.02623218065638644,0.07332164852155089,0.005376064141917846,0.0014272965490818024,0.026081038173288107,2552,2552
73,2,0.03062870545545593,0.07939268687862032,0.006303198729806652,0.002065815031528473,0.02572248037904501,2552,2552
74,0,0.028118482805404754,0.07991800718348277,0.006386887872179205,0.0012769624590873718,0.025135640986263752,2951,2951
74,1,0.02824986740815482,0.07803393065606434,0.006089294333635459,0.0015738382935523987,0.02541729435324669,2951,2951
74,2,0.029776077611818125,0.08055494525608424,0.0064890992052107285,0.0014612376689910889,0.02610446698963642,2951,2951
75,0,0.027085085540841634,0.07629398330223604,0.005820771888121871,0.0012725666165351868,0.024263733066618443,2391,2391
75,1,0.024402284810482358,0.06322084507166231,0.003996875251575129,0.001346394419670105,0.024026465602219105,2391,2391
75,2,0.02450883737794466,0.0703348113137903,0.004946985682546484,0.0013347193598747253,0.024462305940687656,2391,2391
76,0,0.026136230368260367,0.07707504360094865,0.005940562346088135,0.001356475055217743,0.024667036719620228,2558,2558
76,1,0.03203854218743919,0.0848613493505809,0.0072014486136013365,0.0020140409469604492,0.026142763905227184,2558,2558
76,2,0.027965231975169154,0.08104870201896452,0.006568892098958904,0.0016875192523002625,0.024991856887936592,2558,2558
77,0,0.031161285967128867,0.08796792217086163,0.0077383553310587695,0.001408059149980545,0.023997888434678316,2782,2782
77,1,0.02934658572316775,0.08220237591788476,0.00675723060654524,0.0018720142543315887,0.02633250504732132,2782,2782
77,2,0.02621239305947225,0.07149233326433332,0.005111153715578502,0.0014983154833316803,0.025436597876250744,2782,2782
78,0,0.02525292936017408,0.0708884737289042,0.0050251757076135405,0.0014226790517568588,0.024748672731220722,2468,2468
78,1,0.0258474438423872,0.06883429013779789,0.00473815949877454,0.001545242965221405,0.024336247704923153,2468,2468
78,2,0.03130639778832019,0.08576831378315748,0.0073562036492061614,0.0016905218362808228,0.02601391775533557,2468,2468
79,0,0.026370850435257658,0.06817632970346778,0.004648011931835942,0.0015113651752471924,0.02547299861907959,2597,2597
79,1,0.02998114053144173,0.08248004953527459,0.006802958571341349,0.001604519784450531,0.02581671066582203,2597,2597
79,2,0.025772760007537622,0.0742651025373613,0.005515305454884787,0.0012731105089187622,0.02434857189655304,2597,2597
80,0,0.02904574689662475,0.08364054971610546,0.006995741556812309,0.0012590400874614716,0.02525772899389267,2248,2248
80,1,0.030794853539068544,0.0933122162584294,0.008707169703059897,0.0016613677144050598,0.024408596102148294,2248,2248
80,2,0.024387446308783603,0.06792289237563781,0.004613519308672477,0.001252301037311554,0.024548199027776718,2248,2248
81,0,0.028847269608701775,0.08208545412656558,0.006738021779164502,0.001390114426612854,0.025351899676024914,2455,2455
81,1,0.026296831021377486,0.07806185718884512,0.00609365354777165,0.001157522201538086,0.024194595403969288,2455,2455
81,2,0.029060620025687996,0.08096863198049968,0.006555919364793597,0.001583009958267212,0.02510660421103239,2455,2455
82,0,0.029291975960300014,0.08330779754160504,0.006940189131233054,0.001728653907775879,0.025183263700455427,2694,2694
82,1,0.02725334543252188,0.07694924083042269,0.0059211856643783915,0.0012510493397712708,0.025531125720590353,2694,2694
82,2,0.02644433704175127,0.07764236576302977,0.006028336961280098,0.001129738986492157,0.02513935463503003,2694,2694
83,0,0.029009138721702944,0.08169394859269827,0.006673901236666427,0.0016375482082366943,0.025358354672789574,3121,3121
83,1,0.03015358740158286,0.07820999611752398,0.006116803492703117,0.0017353743314743042,0.025213811546564102,3121,3121
83,2,0.022464032994821376,0.069613849127239,0.004846087990309995,0.001198992133140564,0.023395279422402382,3121,3121
84,0,0.02821810192149612,0.08040844729155597,0.006465518395838934,0.0013340078294277191,0.02543126465752721,2718,2718
84,1,0.026729341663695692,0.0733498292828444,0.005380197455822419,0.0013972967863082886,0.025532612577080727,2718,2718
84,2,0.02992396894242749,0.08040918820369045,0.006465637547576512,0.001529483124613762,0.02396143600344658,2718,2718
85,0,0.0277532438630626,0.07910691283031797,0.006257903657543526,0.0008335486054420471,0.026645934209227562,2142,2142
85,1,0.026996060352803778,0.07650184733002817,0.005852532644906938,0.0006523430347442627,0.025808841455727816,2142,2142
85,2,0.028422255210541918,0.0865922405200956,0.007498216118290088,0.0004682457074522972,0.026232848409563303,2142,2142
86,0,0.031014573571193034,0.08320969658051032,0.0069238536050205916,0.0010899454355239868,0.027288390323519707,1953,1953
86,1,0.02534084821823761,0.06903268040472452,0.004765510963860836,0.0010237544775009155,0.026729589328169823,1953,1953
86,2,0.03200739396009279,0.08416896113356326,0.007084414018303283,0.0014482289552688599,0.02731732465326786,1953,1953
87,0,0.02582959392895833,0.07673368485952747,0.005888058392121276,0.0012485608458518982,0.023968303576111794,2466,2466
87,1,0.025657541727830732,0.0755950007900416,0.00571460414444639,0.0012477599084377289,0.02425727527588606,2466,2466
87,2,0.02933934942153732,0.08177821055020709,0.006687675720794003,0.0013028532266616821,0.024851900059729815,2466,2466
88,0,0.024951873801169297,0.07180069930195303,0.005155340420249479,0.0012326985597610474,0.023570649325847626,2557,2557
88,1,0.029071389600062014,0.08388844114550208,0.0070372705578223655,0.0015426576137542725,0.026013758033514023,2557,2557
88,2,0.026764351028860153,0.07581826729227094,0.005748409655202242,0.001438438892364502,0.025098349899053574,2557,2557
89,0,0.03209727506859806,0.0896469370288695,0.008036573318658095,0.0012397468090057373,0.02701927861198783,2030,2030
89,1,0.027986653975045923,0.06983692134284714,0.004877195582647017,0.0012872517108917236,0.027005789801478386,2030,2030
89,2,0.028906527425167083,0.07767521339422928,0.006033438775839056,0.0008301585912704468,0.02720770100131631,2030,2030
90,0,0.027464143181336522,0.07619430696503314,0.005805572413881698,0.001571953296661377,0.025515631772577763,2264,2264
90,1,0.027104579248134864,0.07637439123631842,0.005833047636718233,0.0015201158821582794,0.025558505672961473,2264,2264
90,2,0.031242174976307886,0.08683161328945914,0.007539729066450178,0.0016047507524490356,0.024124350398778915,2264,2264
91,0,0.024162453289371725,0.07237126849701993,0.005237600503867749,0.0005272328853607178,0.025313498452305794,2018,2018
91,1,0.026271289517702415,0.07559855648519685,0.005715141742645499,0.0005644336342811584,0.026092530228197575,2018,2018
91,2,0.02837522842827169,0.08239845287962133,0.006789505036955177,0.0009613558650016785,0.026587270200252533,2018,2018
92,0,0.026616490812651508,0.06861928419525966,0.004708606163469811,0.0016907956451177597,0.026410872116684914,3578,3578
92,1,0.02769628841599919,0.07664177033877881,0.005873960960662115,0.0014056563377380371,0.026117192581295967,3578,3578
92,2,0.026231961484629893,0.07043886335345202,0.004961633470526286,0.0016510486602783203,0.026277411729097366,3578,3578
93,0,0.02552158159829331,0.07568441717331853,0.005728131002864913,0.0011946707963943481,0.024706795811653137,2418,2418
93,1,0.024738847944581983,0.07371066816712933,0.005433262601644653,0.0012183040380477905,0.024484726134687662,2418,2418
93,2,0.029455569077235382,0.08327721883437213,0.006935095176787903,0.001451987773180008,0.02415326563641429,2418,2418
94,0,0.03215567254795385,0.08894848387782114,0.007911832784163008,0.0015281513333320618,0.027328908443450928,2105,2105
94,1,0.0265904203187807,0.07066284209492447,0.00499323725293223,0.0009110420942306519,0.027404263615608215,2105,2105
94,2,0.02776668131497474,0.07569988937359774,0.0057304732511749374,0.0009210109710693359,0.027022577822208405,2105,2105
95,0,0.033440290718103595,0.0904474922920092,0.008180748861913063,0.0018871352076530457,0.026853259652853012,2678,2678
95,1,0.030670104083369325,0.08202642910845957,0.006728335072285143,0.001463964581489563,0.026362468488514423,2678,2678
95,2,0.027664094326615644,0.07768537491270511,0.006035017475327553,0.001731082797050476,0.024811941664665937,2678,2678
96,0,0.03112579614868798,0.08502530469046274,0.007229302437706025,0.0017603598535060883,0.02625513542443514,2770,2770
96,1,0.02930317119769214,0.07713785156675854,0.005950248144335273,0.0014359690248966217,0.02557802014052868,2770,2770
96,2,0.0255645190777479,0.07457090723985013,0.0055608202065743325,0.0013088211417198181,0.02423604531213641,2770,2770
97,0,0.029503898894646663,0.07969749691624764,0.0063516910147153015,0.0013680271804332733,0.02561034681275487,1972,1972
97,1,0.026446905893388887,0.071719322106643,0.005143661163436411,0.0014412850141525269,0.025314878672361374,1972,1972
97,2,0.029447703575939753,0.08202388545068351,0.006727917784426851,0.0018071196973323822,0.0239572087302804,1972,1972
98,0,0.0294944602329035,0.08399795452826478,0.007055656364932437,0.0014000535011291504,0.024246702902019024,2379,2379
98,1,0.029218394018219532,0.07989736609507067,0.0063835891089297474,0.0013494566082954407,0.026129502803087234,2379,2379
98,2,0.025466649334669463,0.0760444798094828,0.005782762909494837,0.0010715052485466003,0.02417237125337124,2379,2379
99,0,0.028437573201940212,0.07097511262998732,0.005037466612839386,0.0016465410590171814,0.02647498482838273,2632,2632
99,1,0.02613312757176299,0.07378444284818915,0.005444144006417692,0.0012043602764606476,0.0243881456553936,2632,2632
99,2,0.028916380760588296,0.08014895918569141,0.006423855658549627,0.0013645663857460022,0.025058796163648367,2632,2632
